Model,Precision,Recall,F1-Score,AUC-ROC
Dummy (Baseline),0.12244897959183673,0.1276595744680851,0.125,0.5
Logistic Regression,1.0,0.10638297872340426,0.19230769230769232,0.814712722887415
Random Forest,0.5,0.0851063829787234,0.14545454545454545,0.8024377638039454
