Model,F1-Score,Recall,Precision,ROC-AUC
Threshold Optimized RF,0.5172413793103449,0.6382978723404256,0.43478260869565216,0.7980446205530192
Random Undersampling + Random Forest,0.5038167938931297,0.7021276595744681,0.39285714285714285,0.749504694633474
Random Undersampling + Logistic Regression,0.48226950354609927,0.723404255319149,0.3617021276595745,0.8054095960031012
